Mean,Max,Min,Standard Deviation,Variance,RMS,Kurtosis,Skewness,Peak to Peak,Crest Factor
0.04528839001807195,0.0520772318876145,0.0344368993370702,0.00517696435319564,2.680095991425835e-05,0.045583321844104976,-0.6774450421610494,-0.31152911584635024,0.0176403325505443,1.142462413461632
